osm_id,name,centroid_base,centroid_lat,centroid_lon,main_entrance_lat,main_entrance_lon,category,cohort,walking_distance_centroid_to_main_entrance_m,walking_distance_centroid_to_nearest_driving_road_m,walking_distance_centroid_to_nearest_transit_stop_m,walking_distance_main_entrance_to_nearest_driving_road_m,walking_distance_main_entrance_to_nearest_transit_stop_m,is_same_nearest_driving_road,is_same_transit_stop,euclidean_distance_centroid_to_main_entrance_m,absolute_difference_nearest_road_distance_m,absolute_difference_nearest_transit_stop_distance_m
node/10025936273,,building,22.6518884,110.0903469,22.6520793,110.0903469,,world,21,67,,84,,TRUE,,21,17,
node/10112958039,M&T Bank,building,41.2394492,-77.052764,41.2396328,-77.0529597,,world,68,18,,14,,FALSE,,26,4,
node/10708276623,Leon Leather & Soccer Shop,building,37.3231023,-121.871614,37.323081,-121.8715289,,world,8,20,80,14,82,TRUE,TRUE,8,6,2
node/10926073007,Üvezpınar Market,building,40.5992297,29.1749442,40.5991673,29.1748111,,world,19,14,,5,,FALSE,,13,9,
node/11076888905,Shift,building,30.8046267,31.0232296,30.8055225,31.0237301,,world,130,229,,192,,FALSE,,110,37,
node/12031718158,,building,41.7451069,44.774999,41.7451977,44.7750574,,world,11,16,,3,,TRUE,,11,13,
node/12319863101,โรงแรม สามสิริ รีสอร์ท บายพาสโคราช,area,15.0326794,102.0862266,15.0328059,102.0867337,,world,94,149,,119,,TRUE,,56,30,
node/12602381018,Centro Óptico Lemus Farah,building,10.4043466,-75.5536936,10.4044533,-75.5537772,,world,18,41,165,26,151,TRUE,TRUE,15,15,14
node/12836304435,,area,51.5611511,23.3854147,51.5620801,23.384871,,world,189,160,190,36,65,FALSE,TRUE,110,124,125
node/12870759089,Dr. Farol,building,-22.8805174,-47.0662666,-22.8805325,-47.0661612,,world,11,21,32,10,21,TRUE,TRUE,11,11,11
node/13058005199,,building,38.7787533,115.2693244,38.7786987,115.2691405,,world,17,52,,35,,TRUE,,17,17,
node/13162250172,Wa East District Assembly,building,10.3071816,-1.9785225,10.3071253,-1.9787072,,world,21,161,,144,,TRUE,,21,17,
node/13266051138,,area,33.5948503,113.9599964,33.5942601,113.9598179,,world,69,70,,7,,TRUE,,68,63,
node/13529191057,Antenne du Centre Fédératif de Prévention et de Dépistage de la Mayenne - Château-Gontier,building,47.831967,-0.6994378,47.8320445,-0.6995223,,world,11,19,,11,,TRUE,,11,8,
node/13686351277,Factory Outlet,building,19.2812335,72.8582509,19.2813331,72.8583839,,world,29,17,53,6,28,FALSE,TRUE,18,11,25
node/13866196915,Uncle Kelv's,building,51.5849382,-2.9925334,51.5854792,-2.9927323,,world,137,142,270,90,,FALSE,,62,52,
node/13989527313,,building,24.6538988,46.5903253,24.6539102,46.5904012,,world,8,57,,47,,TRUE,,8,10,
node/1669881243,,building,40.8018217,111.6926677,40.8016883,111.6923275,,world,32,56,,21,,TRUE,,32,35,
node/1767323017,,building,39.9673224,116.3429631,39.9669939,116.3429631,,world,37,129,148,92,113,TRUE,TRUE,37,37,35
node/2202545943,Familienzentrum Neulichtenhof,building,49.4313227,11.0867685,49.431376,11.0868508,,world,80,12,46,64,80,FALSE,TRUE,8,52,34
node/2333085946,上营,building,44.145641,127.2488422,44.1456234,127.2488011,,world,4,119,,116,,TRUE,,4,3,
node/2558456580,ปตท. NGV,area,13.8275106,100.7397351,13.8275037,100.7399814,,world,27,43,,64,,TRUE,,27,21,
node/2734334850,Kyauk Padang-Nyaung U Junction 3,building,20.8446519,95.1257656,20.8445912,95.1257465,,world,7,14,,7,,TRUE,,7,7,
node/2816560512,pom bensin,building,-8.3437932,113.5948114,-8.3437764,113.5947808,,world,4,35,,32,,TRUE,,4,3,
node/3178922368,島正,building,35.1673422,136.8985755,35.1673067,136.8986618,,world,22,13,155,8,141,TRUE,TRUE,9,5,14
node/3462232187,,area,47.643615,19.5324356,47.6436986,19.5325185,,world,16,26,,10,,TRUE,,11,16,
node/358828676,Church of the Incarnation,building,34.160075,-118.2556109,34.1600726,-118.2553475,,world,63,29,29,17,37,FALSE,TRUE,24,12,8
node/3952577949,,area,53.1514971,29.2319002,53.15155,29.2319577,,world,7,151,,144,,TRUE,,7,7,
node/3969559958,Unidad de Salud de Anamorós,building,13.7378379,-87.8725701,13.7377735,-87.8724073,,world,19,52,,31,,TRUE,,19,21,
node/4387215996,Chandina Post Office,building,23.4853117,91.0081603,23.485367,91.0081583,,world,6,19,,12,,TRUE,,6,7,
node/4551426689,Квант,building,47.3926117,35.0088062,47.3925336,35.00876,,world,9,58,,47,,TRUE,,9,11,
node/4837211087,KFC,building,25.3180287,51.4699561,25.317851,51.4701039,,world,25,24,1121,8,1075,FALSE,TRUE,25,16,46
node/4939174380,Nemzeti Dohánybolt,building,46.9000755,20.394091,46.9000134,20.394091,,world,7,22,28,14,19,TRUE,TRUE,7,8,9
node/5036806737,ហេង ហេង 89,building,12.0536235,105.0554495,12.0535396,105.0554959,,world,11,33,,23,,TRUE,,11,10,
node/5104633248,Курган 640003,building,55.4451378,65.371321,55.4450946,65.3714503,,world,9,38,,27,,TRUE,,9,11,
node/5318481338,Breeze Fish Point,building,25.3782386,68.3331554,25.3780753,68.3328499,,world,36,18,,16,,FALSE,,36,2,
node/5637988051,,area,48.7509872,8.3790581,48.7536613,8.374364,,world,1069,1101,,28,,TRUE,,455,1073,
node/6245808185,Starbucks | 20th & Market,building,39.9531003,-75.1724387,39.9533557,-75.1730454,,world,112,41,85,21,34,FALSE,FALSE,59,20,51
node/6764206084,,area,24.7980904,125.2773263,24.7987695,125.2770173,,world,82,102,424,21,339,TRUE,TRUE,82,81,85
node/6878396033,Ntharene Day Secondary,area,-0.1143821,37.6742138,-0.1147181,37.674297,,world,46,139,,148,,TRUE,,38,9,
node/7139646811,Abu Mansur Moturudiy jom`e masjidi,building,40.610466,68.243199,40.6103966,68.2432145,,world,8,139,,129,,TRUE,,8,10,
node/7271427189,PHC Sherpura,building,29.1634211,75.2391695,29.1633312,75.2391537,,world,10,55,,45,,TRUE,,10,10,
node/7405371342,,building,46.0001089,1.6065113,46.0001222,1.6065794,,world,5,56,,50,,TRUE,,5,6,
node/7522069258,Dhamtari Hospital,building,20.7012269,81.5377407,20.701153,81.5376722,,world,11,21,,9,,TRUE,,11,12,
node/806874198,,building,-32.472602,24.068675,-32.4725207,24.0686038,,world,11,25,,15,,TRUE,,11,10,
node/9247913343,第一江山,area,34.1935341,118.3407091,34.1955469,118.3445225,,world,520,521,,5,,TRUE,,416,516,
node/9370985481,,building,19.8169045,-97.8052774,19.8169186,-97.8053268,,world,5,9,,4,,TRUE,,5,5,
node/9847231718,,building,30.0549211,121.9006949,30.0548312,121.9007846,,world,13,72,,53,,TRUE,,13,19,
relation/20433261,,area,41.976112,-88.1875233,41.9760341,-88.186841,,world,80,91,,11,,TRUE,,57,80,
relation/20729726,Mount Kenya National Reserve,area,-0.1590721,37.3425941,-0.1605966,37.4454966,,world,14952,25507,,20413,,FALSE,,11443,5094,
relation/8775717,,area,36.8562272,114.5092709,36.8558633,114.5088282,,world,80,269,,190,,TRUE,,56,79,
way/1013512410,,area,14.3699292,-91.4628512,14.3702935,-91.4624114,,world,116,24,,5,,FALSE,,62,19,
way/1027676959,အမက-ညောင်ကုန်း,area,19.5716162,97.1767031,19.5716202,97.1769178,,world,22,83,,59,,TRUE,,22,24,
way/1059218560,,area,27.7763351,114.612892,27.7761939,114.6126166,,world,31,165,,134,,TRUE,,31,31,
way/1065303084,,building,52.3827116,-1.4654003,52.3826925,-1.4654172,,world,2,37,36,34,34,TRUE,TRUE,2,3,2
way/1075585909,,area,55.4816945,60.2121078,55.481574,60.2119495,,world,40,52,,21,,TRUE,,17,31,
way/1095873023,Praça José Oliveria Lopes,area,-23.9437541,-46.3808703,-23.9438927,-46.3809812,,world,19,36,195,13,168,TRUE,TRUE,19,23,27
way/1104773110,,area,32.5238806,131.6764114,32.5230456,131.6771095,,world,541,275,547,9,108,FALSE,TRUE,114,266,439
way/1113108722,Церковь Покрова Пресвятой Богородицы,building,52.4337135,32.2270484,52.4336198,32.2268829,,world,15,41,,25,,TRUE,,15,16,
way/1126179964,,area,46.0961159,27.4187575,46.0964348,27.4185165,,world,47,125,,77,,TRUE,,40,48,
way/1178167781,Love's,building,33.6474135,-85.5058169,33.6472891,-85.5059007,,world,16,33,,17,,TRUE,,16,16,
way/1184531613,,building,39.3770056,21.9094107,39.3767089,21.9094463,,world,84,62,,9,,FALSE,,33,53,
way/1218261685,,area,33.4389432,44.5400075,33.4391239,44.539889,,world,23,37,,10,,TRUE,,23,27,
way/1261935595,,area,-36.7683296,-59.8680035,-36.768272,-59.8680326,,world,7,17,,10,,TRUE,,7,7,
way/1276077772,InterStell,building,-23.7222396,-46.6035265,-23.7222559,-46.6040215,,world,131,36,149,6,99,FALSE,TRUE,50,30,50
way/1323797968,,area,44.6039698,129.6462472,44.6044688,129.6459016,,world,62,123,,85,,TRUE,,62,38,
way/1347455697,,building,41.0508363,-0.1305039,41.0508525,-0.1303957,,world,9,16,20,8,9,TRUE,TRUE,9,8,11
way/1350180872,九公寓,area,30.8196839,106.0628048,30.8226952,106.0649709,,world,547,21,,285,,FALSE,,394,264,
way/1423988562,,area,12.3281856,121.0854853,12.3286156,121.0851016,,world,100,103,,15,,TRUE,,63,88,
way/1426228188,,multiple buildings,60.6089981,21.5286399,60.6089263,21.527429,,world,90,77,,63,,TRUE,,67,14,
way/1454155740,,area,31.4243599,104.1459241,31.424355,104.1460637,,world,13,147,,136,,TRUE,,13,11,
way/1535233843,한국유통마트 덕정점,building,37.8361846,127.0759985,37.83597,127.0757268,,world,46,111,112,66,70,TRUE,TRUE,34,45,42
way/171245725,,area,42.583941,18.2140693,42.5839853,18.2142419,,world,15,119,,103,,TRUE,,15,16,
way/191981674,,building,36.6059055,-86.1645706,36.6059109,-86.1647216,,world,13,19,,6,,TRUE,,13,13,
way/198239221,,area,-6.5845028,111.0641448,-6.584497,111.0646451,,world,68,60,,18,,TRUE,,55,42,
way/260644684,,building,45.46604,9.1498257,45.4662085,9.1497648,,world,25,26,21,8,14,TRUE,TRUE,19,18,7
way/338068333,,area,41.6796207,2.1664984,41.6795651,2.16643,,world,8,69,471,61,465,TRUE,TRUE,8,8,6
way/344365705,,area,48.768606,-104.5512224,48.7689787,-104.5504631,,world,69,139,,150,,TRUE,,69,11,
way/352384955,,area,31.4952613,74.2922201,31.5040679,74.3065056,,world,2064,722,1159,779,807,FALSE,FALSE,1671,57,352
way/360972744,,area,10.8769392,106.1344379,10.8773327,106.1343851,,world,46,45,,85,,TRUE,,44,40,
way/404863387,Школа имени Алии Молдагуловой,area,43.6057242,78.2687178,43.6059789,78.2685074,,world,208,95,,94,,FALSE,,33,1,
way/409178904,,multiple buildings,33.847105,-118.3116162,33.8470032,-118.3111845,,world,58,28,274,23,222,FALSE,TRUE,41,5,52
way/412065016,,area,35.3620316,132.7505321,35.3619198,132.7510908,,world,52,69,250,17,201,TRUE,TRUE,52,52,49
way/412293844,Vidnyan Vardhini Highschool,area,19.8766592,75.3360663,19.8766031,75.3361714,,world,13,69,,59,,TRUE,,13,10,
way/419055245,Upper Sindh II,building,34.2673994,74.8969355,34.2676489,74.8967023,,world,35,186,,151,,TRUE,,35,35,
way/419715110,,building,14.0956103,-87.1901741,14.0954959,-87.1904441,,world,32,37,,4,,TRUE,,32,33,
way/429278051,Sathosa - Polgahawela,building,7.3362027,80.3002642,7.3361672,80.3003941,,world,15,27,108,10,92,TRUE,TRUE,15,17,16
way/438418872,Ross Grove Cemetery,area,35.3166441,-81.5243849,35.3172798,-81.5246456,,world,80,85,,5,,TRUE,,75,80,
way/443016112,鹿沼市立粟野中学校,area,36.5087446,139.6602546,36.5083908,139.6595893,,world,89,106,,116,,FALSE,,71,10,
way/531781203,,area,32.6672988,51.4276323,32.6673908,51.4276078,,world,10,17,,6,,TRUE,,10,11,
way/558738367,北京英国学校,area,40.0818675,116.5138935,40.0818137,116.5145457,,world,211,263,,54,,TRUE,,56,209,
way/579076871,Baan Elephant Home,building,18.7831365,98.9836361,18.7831702,98.9836522,,world,4,7,362,3,358,TRUE,TRUE,4,4,4
way/592932785,,area,36.3700529,114.9207948,36.3711099,114.918645,,world,252,272,,9,,FALSE,,226,263,
way/626410356,,building,41.2768,123.1627251,41.2767375,123.1628003,,world,9,21,,13,,TRUE,,9,8,
way/626547775,,building,-29.6794635,-51.0570209,-29.6795318,-51.0569495,,world,10,26,,16,,TRUE,,10,10,
way/714215899,,area,45.2792743,130.2698093,45.2790827,130.2699486,,world,24,284,,258,,TRUE,,24,26,
way/719451020,Instituto Federal do Amazonas,area,-7.2497913,-64.7833006,-7.251003,-64.7833211,,world,236,1,196,61,104,FALSE,TRUE,135,60,92
way/725153474,文化公园,area,34.8048527,113.6619296,34.8055851,113.6595111,,world,345,243,318,9,28,FALSE,TRUE,235,234,290
way/745105014,,area,44.0873309,-123.1147427,44.0869781,-123.1149776,,world,81,32,657,26,610,FALSE,TRUE,43,6,47
way/759064542,,area,23.5837631,-103.2463506,23.5831719,-103.2465507,,world,69,81,,12,,TRUE,,69,69,
way/769407075,,building,36.8424668,119.4065264,36.8421428,119.4064832,,world,134,138,,97,,TRUE,,36,41,
way/788833185,,multiple buildings,40.1161964,141.8325503,40.1158053,141.832448,,world,72,184,,190,,TRUE,,44,6,
way/802666145,Parque Triangular,area,18.1678684,-93.0169576,18.1678598,-93.0170193,,world,9,11,,5,,FALSE,,7,6,
way/807573917,,multiple buildings,23.107415,109.6087608,23.1078782,109.6075191,,world,137,122,,56,,FALSE,,137,66,
way/820893449,,building,50.7168667,5.1268615,50.7170024,5.1264893,,world,30,76,502,44,474,TRUE,TRUE,30,32,28
way/862736394,,area,37.7952613,112.5984545,37.7952219,112.5983754,,world,8,151,,143,,TRUE,,8,8,
way/866599251,,area,32.5394543,112.3677182,32.5402911,112.368292,,world,167,190,,24,,TRUE,,107,166,
way/878550054,,area,35.7574329,116.8115344,35.7574713,116.8115578,,world,5,103,446,99,440,TRUE,TRUE,5,4,6
way/893645550,人口文化园,area,27.7938008,114.9367861,27.7939593,114.935734,,world,141,62,,15,,FALSE,,105,47,
way/968647890,国家税务总局新县税务局,building,31.6556382,114.8770514,31.6555826,114.8770644,,world,6,92,,82,,TRUE,,6,10,
way/970002045,,multiple buildings,15.0797162,-90.2824754,15.0792588,-90.2834915,,world,252,95,,20,,FALSE,,120,75,
way/970436361,,multiple buildings,34.3724998,107.2016478,34.3717691,107.2036996,,world,288,368,,142,,FALSE,,205,226,
way/975216567,Đảng uỷ - HĐND - UBND xã Thuỵ Lôi,building,20.6599159,106.1504416,20.6598729,106.1504332,,world,5,36,,31,,TRUE,,5,5,
way/977470769,,building,3.4066713,101.5685555,3.4066645,101.5686393,,world,9,20,715,11,705,TRUE,TRUE,9,9,10
way/987222527,The Back Road Garage,building,33.6009724,-96.5684514,33.6008756,-96.5685654,,world,15,87,,72,,TRUE,,15,15,
way/990563446,,area,39.1612689,116.4184251,39.1605917,116.4180876,,world,254,245,,258,,TRUE,,81,13,
relation/11148662,Carrefour de l'Estrie,building,45.4013753,-71.9515781,45.4021984,-71.9525797,shopping_center,quebec,167,350,189,179,20,TRUE,TRUE,120,171,169
relation/11969384,UdeS,area,45.3772273,-71.9335742,45.3795946,-71.9276783,university,quebec,739,88,124,357,197,FALSE,FALSE,530,269,73
relation/12116831,Parc national du Mont-Orford,area,45.4131977,-72.18074,45.3293793,-72.1959255,national_park,quebec,13453,1129,,1073,,FALSE,,9395,56,
relation/12212197,CHUS Fleurimont,area,45.4480609,-71.8674602,45.4473383,-71.8682224,hospital,quebec,148,494,164,370,40,TRUE,TRUE,100,124,124
relation/13059419,CHUM,building,45.5112797,-73.5570291,45.5117072,-73.5578163,hospital,quebec,401,44,198,112,121,FALSE,FALSE,78,68,77
relation/13120077,UQAM Montréal,area,45.5118064,-73.5641761,45.5139488,-73.5605163,university,quebec,470,4,102,19,251,FALSE,FALSE,372,15,149
relation/13870975,McGill MacDonald,area,45.4223444,-73.9443587,45.4077566,-73.9386539,university,quebec,2806,628,790,535,252,FALSE,FALSE,1682,93,538
relation/15421717,Parc national de la Jacques-Cartier,area,47.2922429,-71.3485495,47.1750527,-71.3694492,national_park,quebec,46118,15296,,10629,,FALSE,,13126,4667,
relation/15607282,Centre Laval,building,45.5618185,-73.7315902,45.5612398,-73.7296738,shopping_center,quebec,214,248,299,121,150,FALSE,FALSE,162,127,149
relation/17862811,Hôpital Maisonneuve-Rosemont,area,45.5757845,-73.5597631,45.5738331,-73.5597781,hospital,quebec,367,246,250,41,66,FALSE,FALSE,217,205,184
relation/19344839,Université Bishop's,area,45.3613169,-71.8442929,45.3661173,-71.8478621,university,quebec,894,677,699,159,51,FALSE,FALSE,602,518,648
relation/21100748,INRS Baie-Saint-Paul,building,47.4385928,-70.5059935,47.4385311,-70.5066416,university_small,quebec,77,62,,21,,TRUE,,49,41,
relation/21100815,ULaval Québec,area,46.7816528,-71.2761117,46.7793686,-71.2698127,university,quebec,744,134,169,25,53,FALSE,FALSE,543,109,116
relation/21112385,Université du Québec à Chicoutimi,area,48.4200182,-71.0519775,48.4198041,-71.0520366,university,quebec,31,217,195,186,181,TRUE,TRUE,24,31,14
relation/21112497,UQAT Sept-Îles,building,50.227057,-66.3529944,50.226801,-66.3540321,university_small,quebec,100,146,,123,,TRUE,,79,23,
relation/21112519,UQAT Alma,building,48.5455251,-71.6554194,48.5447328,-71.6542719,university_small,quebec,390,163,,37,,FALSE,,122,126,
relation/21112626,UQAC Saint-Félicien,building,48.6496783,-72.4590294,48.649963,-72.4586022,university_small,quebec,539,160,,135,,FALSE,,45,25,
relation/21114885,PolyMTL,multiple buildings,45.5040661,-73.6135717,45.5047686,-73.6134408,university_small,quebec,148,514,504,372,371,TRUE,TRUE,79,142,133
relation/3437968,UdeM Principal,area,45.5054621,-73.6148852,45.5027699,-73.6150438,university,quebec,405,247,249,333,327,FALSE,FALSE,300,86,78
relation/5212364,Parc national du Bic,area,48.3445825,-68.789893,48.3549239,-68.7547251,national_park,quebec,3588,2847,,158,,FALSE,,2842,2689,
relation/6991391,Parc national du Mont-Saint-Bruno,area,45.5500476,-73.3328486,45.5461554,-73.3423772,national_park,quebec,1066,1765,2196,550,1173,FALSE,TRUE,859,1215,1023
relation/7485827,Parc national de la Gaspésie,area,48.9718273,-66.2670975,48.9474952,-66.1226477,national_park,quebec,21426,5290,,156,,FALSE,,10888,5134,
relation/8008857,Parc national du Mont-Tremblant,area,46.4151952,-74.2759296,46.3254918,-74.501244,national_park,quebec,38423,2175,,10630,,FALSE,,19958,8455,
relation/8057847,Parc national des Îles-de-Boucherville,area,45.614767,-73.4714984,45.596278,-73.4696073,national_park,quebec,3823,3711,,75,,TRUE,,2061,3636,
relation/8388140,Parc national du Fjord-du-Saguenay,area,48.2630749,-70.1988978,48.3009536,-70.3356058,national_park,quebec,33333,520,,8246,,FALSE,,10958,7726,
relation/8588934,Premium Outlets Montreal (Mirabel),building,45.6737464,-73.9194999,45.6734157,-73.9195535,shopping_center,quebec,52,348,1782,293,1734,TRUE,TRUE,37,55,48
way/100258206,UdeM Mauricie,building,46.354866,-72.5627278,46.3540231,-72.5641263,university_small,quebec,231,227,347,41,245,FALSE,FALSE,142,186,102
way/102124828,CUSM,area,45.4740126,-73.6004186,45.4723991,-73.6021443,hospital,quebec,395,479,317,94,90,FALSE,FALSE,224,385,227
way/1065734018,Hôpital du Sacré-Cœur de Montréal,area,45.5328284,-73.7138427,45.5329536,-73.7146614,hospital,quebec,84,259,281,197,230,FALSE,TRUE,65,62,51
way/1125477545,UQAC École NAD Sherbrooke,building,45.4005007,-71.889338,45.4004229,-71.8892904,university_small,quebec,9,68,205,58,198,TRUE,TRUE,9,10,7
way/1130952604,Carrefour Laval,building,45.5708128,-73.7521785,45.5691113,-73.7506272,shopping_center,quebec,331,433,485,131,184,TRUE,TRUE,224,302,301
way/1136326963,UQAM Laval,building,45.5600107,-73.7188448,45.5600214,-73.7193727,university_small,quebec,51,160,164,113,119,TRUE,TRUE,41,47,45
way/114806148,Cascades Brossard,building,45.4308811,-73.4716371,45.4312825,-73.4707832,industrial,quebec,109,449,590,338,481,TRUE,TRUE,80,111,109
way/1205979370,UQAR Lévis,area,46.7931695,-71.1621376,46.7931081,-71.1620261,university_small,quebec,11,66,69,69,72,TRUE,TRUE,11,3,3
way/1228127524,RoyalMount,building,45.5002049,-73.6658623,45.4998848,-73.6642689,shopping_center,quebec,182,411,411,232,255,TRUE,TRUE,129,179,156
way/1280398062,UQTR Terrebonne,building,45.7091082,-73.6454112,45.7091252,-73.645154,university_small,quebec,54,47,43,40,35,TRUE,TRUE,20,7,8
way/1280515113,Hôpital Général Juif,area,45.4970431,-73.6300222,45.4978732,-73.6287645,hospital,quebec,291,43,103,60,64,FALSE,FALSE,135,17,39
way/1357535411,UdeM Brossard,building,45.4471954,-73.4320722,45.4472212,-73.4322754,university_small,quebec,22,64,132,63,111,TRUE,TRUE,16,1,21
way/1419426091,Concordia Campus Sir George Williams,area,45.49523,-73.5779048,45.4970373,-73.5786245,university,quebec,284,16,61,11,149,FALSE,FALSE,209,5,88
way/1538418920,UQAT Rouyn-Noranda | Rouyn-Noranda,area,48.232109,-79.007208,48.2306865,-79.0089448,university_small,quebec,444,146,379,60,64,FALSE,TRUE,204,86,315
way/1538432591,UQAT Amos,area,48.5784029,-78.1181599,48.5784763,-78.1171042,university_small,quebec,270,131,,79,,FALSE,,78,52,
way/1538909347,ENAP Québec | Campus de Québec,area,46.8138646,-71.2224409,46.8139509,-71.2227487,university_small,quebec,106,55,222,12,130,FALSE,TRUE,25,43,92
way/1539143573,INRS Armand-Frappier,area,45.5430281,-73.7194216,45.5437414,-73.7206618,university,quebec,200,362,394,181,328,FALSE,FALSE,125,181,66
way/1539194234,INRS Varennes,area,45.6254648,-73.383778,45.6256039,-73.383434,university_small,quebec,270,196,187,96,89,TRUE,TRUE,31,100,98
way/1539195667,INRS Montréal CV,area,45.5167604,-73.5679261,45.5167132,-73.567806,university_small,quebec,11,30,72,18,60,TRUE,FALSE,11,12,12
way/1539833402,UQTR Québec | Campus de Québec,area,46.8218557,-71.2504825,46.8216598,-71.2508645,university_small,quebec,36,218,346,182,314,TRUE,TRUE,36,36,32
way/1539841257,UQTR L'Assomption | Campus de Québec,area,45.8303049,-73.4197639,45.8304641,-73.4198799,university_small,quebec,67,45,150,11,142,FALSE,TRUE,20,34,8
way/1540262638,HEC Montréal - Centre-Ville Hélène-Desmarais,area,45.5027847,-73.5646024,45.5025811,-73.5641761,university_small,quebec,126,53,72,17,147,FALSE,TRUE,40,36,75
way/1540728572,UQO Pierre-Moreau (Ripon) | Pavillon Pierre-Moreau,area,45.7840563,-75.0992911,45.7840912,-75.099044,university_small,quebec,129,39,,13,,FALSE,,20,26,
way/1540741104,UdeM Station de biologie des Laurentides | Station de biologie des Laurentides,area,45.994085,-73.9881462,45.9877934,-74.0054943,university_small,quebec,1811,1801,,8,,TRUE,,1512,1793,
way/1541016298,Centre Eaton,building,45.5030133,-73.5712807,45.5025667,-73.5705921,shopping_center,quebec,94,106,117,13,172,TRUE,TRUE,73,93,55
way/162003784,UQO,area,45.4221499,-75.7366924,45.4225751,-75.7384557,university,quebec,273,113,264,33,42,FALSE,FALSE,146,80,222
way/162005806,UQO Lucien-Brault | Pavillon Lucien-Brault,area,45.4278943,-75.7386494,45.4281954,-75.7381043,university_small,quebec,200,110,558,113,474,FALSE,TRUE,54,3,84
way/174248955,ENAP Montréal,area,45.5234693,-73.5863393,45.5238442,-73.5863851,university_small,quebec,232,42,327,12,236,FALSE,FALSE,42,30,91
way/176708935,UQTR Joliette,building,46.0330149,-73.4246529,46.0331605,-73.4264885,university_small,quebec,219,160,209,197,12,FALSE,TRUE,143,37,197
way/19912449,McGill Principal,area,45.5068728,-73.5787981,45.505207,-73.5775183,university,quebec,297,108,146,171,331,FALSE,FALSE,210,63,185
way/213208567,CNRC Saguenay,building,48.4187275,-71.0538621,48.4184188,-71.0534558,university_small,quebec,777,203,508,27,426,FALSE,TRUE,46,176,82
way/213216039,Parc national d'Oka,area,45.4787636,-74.0321673,45.4650503,-74.0415919,national_park,quebec,2728,1055,2993,1704,2387,FALSE,TRUE,1693,649,606
way/22869926,Fairview Pointe-Claire,building,45.4639046,-73.8314521,45.4627625,-73.8322879,shopping_center,quebec,205,281,239,226,411,FALSE,TRUE,143,55,172
way/23322889,Place Rosemère,building,45.6306338,-73.819278,45.6316581,-73.8177994,shopping_center,quebec,224,359,381,183,208,FALSE,FALSE,162,176,173
way/25540794,Mail Champlain,building,45.4717758,-73.4715541,45.4731528,-73.4715498,shopping_center,quebec,167,284,314,160,204,FALSE,TRUE,153,124,110
way/262149253,CHU Hôpital de l'Enfant-Jésus,area,46.838729,-71.2279863,46.8371749,-71.2253977,hospital,quebec,466,103,494,67,72,FALSE,TRUE,262,36,422
way/26417603,HEC Montréal – Édifice Côte-Sainte-Catherine,building,45.5035031,-73.6212074,45.5039429,-73.6221755,university_small,quebec,151,114,192,40,46,FALSE,TRUE,90,74,146
way/27336566,CNRC Decelles,building,45.5020476,-73.6134066,45.502247,-73.6130737,university_small,quebec,55,22,820,12,840,FALSE,TRUE,34,10,20
way/27339418,Place Versailles,building,45.5919012,-73.5419241,45.5906451,-73.5391498,shopping_center,quebec,480,103,365,41,46,FALSE,FALSE,257,62,319
way/27442017,Place Sainte-Foy,building,46.7733896,-71.2790396,46.7729646,-71.2780128,shopping_center,quebec,140,113,221,27,101,FALSE,TRUE,91,86,120
way/27442020,Laurier Québec,building,46.7705998,-71.2850765,46.7715918,-71.2831811,shopping_center,quebec,182,199,310,14,198,TRUE,FALSE,182,185,112
way/274886879,CHUL,area,46.768486,-71.2823254,46.7694142,-71.2833395,hospital,quebec,608,257,558,29,48,FALSE,TRUE,129,228,510
way/27503152,Les Galeries de la Capitale,building,46.8301836,-71.2995255,46.8303195,-71.2975575,shopping_center,quebec,194,394,250,204,68,TRUE,TRUE,150,190,182
way/277374275,UdeM Mont Mégantic ASTROLab,building,45.4232935,-71.1259246,45.4232603,-71.1258822,university_small,quebec,5,215,,207,,TRUE,,5,8,
way/333086912,UdeM Saint-Hyacinthe,area,45.6205455,-72.9661167,45.6194709,-72.9646153,university,quebec,305,276,408,64,128,FALSE,TRUE,167,212,280
way/349671263,Parc national de la Yamaska,area,45.4254497,-72.5905304,45.4270848,-72.6178444,national_park,quebec,3875,1367,,1319,,FALSE,,2139,48,
way/367379669,CRNC Royalmount,area,45.4868898,-73.673262,45.4876268,-73.6728555,university,quebec,629,152,268,135,157,FALSE,FALSE,88,17,111
way/373555499,UdeM Laval,area,45.5588566,-73.7208904,45.5587669,-73.72114,university_small,quebec,22,52,77,30,54,TRUE,TRUE,22,22,23
way/375042733,UQAM Campus de Lanaudière (Terrebonne),building,45.7230285,-73.7044567,45.722958,-73.7042729,university_small,quebec,22,64,158,43,136,TRUE,TRUE,16,21,22
way/376963963,CNRC Bourcherville,area,45.5749819,-73.4521514,45.5746383,-73.4495273,university,quebec,304,465,474,185,192,TRUE,TRUE,208,280,282
way/39040407,Promenades Saint-Bruno,building,45.50537,-73.3780553,45.5063994,-73.3778508,shopping_center,quebec,170,349,329,234,276,FALSE,FALSE,116,115,53
way/45088176,YHU Saint-Hubert,area,45.5215692,-73.4132798,45.5205254,-73.3986837,airport,quebec,4447,750,787,231,103,FALSE,FALSE,1143,519,684
way/464846018,YQB Jean-Lesage,area,46.7921383,-71.3879417,46.7921649,-71.3832531,airport,quebec,1362,705,1079,8,35,FALSE,FALSE,357,697,1044
way/46842432,Galeries d'Anjou,building,45.600543,-73.5645215,45.6003062,-73.5631779,shopping_center,quebec,139,369,212,238,364,FALSE,TRUE,108,131,152
way/468560154,Université Concordia - Campus Loyola,area,45.458301,-73.6389741,45.4579634,-73.6396659,university,quebec,87,58,95,61,70,FALSE,TRUE,66,3,25
way/46867840,Centre Rockland,building,45.5285024,-73.6479693,45.5272865,-73.6484939,shopping_center,quebec,164,250,247,108,124,FALSE,FALSE,141,142,123
way/46868201,Place Vertu,building,45.4990564,-73.7067684,45.4980791,-73.7053234,shopping_center,quebec,171,291,334,141,175,FALSE,FALSE,157,150,159
way/473033703,UQAR Rimouski,area,48.4518042,-68.511905,48.4529124,-68.5127463,university,quebec,268,43,123,42,141,FALSE,TRUE,138,1,18
way/47332016,Carrefour Angrignon,building,45.4472306,-73.6155826,45.4481935,-73.6148017,shopping_center,quebec,1038,303,332,231,113,FALSE,FALSE,123,72,219
way/475531260,Réserve Naturelle Gault (McGill),area,45.5502192,-73.1539244,45.5380024,-73.1571023,regional_park,quebec,1732,1974,2063,298,388,FALSE,TRUE,1381,1676,1675
way/480427015,UQO Saint-Jérôme,building,45.7745872,-74.0033463,45.7749636,-74.0034377,university_small,quebec,100,21,79,9,44,FALSE,FALSE,42,12,35
way/483980128,UQAT Mont-Laurier,area,46.5599641,-75.5084347,46.560096,-75.5080426,university_small,quebec,102,91,,42,,FALSE,,33,49,
way/486188258,UQAT Val d'Or,area,48.0992238,-77.785923,48.0994013,-77.784791,university_small,quebec,197,151,,98,,FALSE,,86,53,
way/486429987,INRS Québec,building,46.812707,-71.2243758,46.812977,-71.2239761,university_small,quebec,112,23,68,19,57,FALSE,FALSE,43,4,11
way/50424864,Hôpital Charles-Le Moyne,area,45.496966,-73.4865496,45.4973758,-73.4861084,hospital,quebec,407,205,281,63,80,FALSE,FALSE,57,142,201
way/614266924,UQAC École NAD Montréal,building,45.5072865,-73.5682649,45.5071726,-73.5685252,university_small,quebec,41,33,80,11,47,FALSE,TRUE,24,22,33
way/69828841,UQTR Trois-Rivières,area,46.3462982,-72.5793983,46.3475269,-72.5768704,university,quebec,460,96,179,49,52,FALSE,FALSE,237,47,127
way/714846766,ENAP Gatineau,building,45.42734,-75.7158449,45.427581,-75.7160958,university_small,quebec,47,28,192,6,193,FALSE,TRUE,33,22,1
way/799476628,UQAM Montérégie-Ouest / Cégep de VAlleyfield Saint-Constant,building,45.3739842,-73.5692011,45.3741519,-73.569554,university_small,quebec,50,69,118,93,74,TRUE,TRUE,33,24,44
way/814145654,UQTR Drummondville,area,45.8953939,-72.4830771,45.8945192,-72.4837902,university_small,quebec,269,213,222,115,106,FALSE,TRUE,112,98,116
way/945479715,YUL Montréal,area,45.4686868,-73.7464826,45.4577714,-73.7496337,airport,quebec,3699,2128,2352,11,53,FALSE,FALSE,1238,2117,2299
way/95440150,UdeS Longueuil + UQAM Longueuil,building,45.5248493,-73.5205447,45.5251284,-73.5204066,university_small,quebec,41,103,116,78,147,TRUE,TRUE,33,25,31
way/956643587,Hôpital de la Cité-de-la-Santé,area,45.6025839,-73.710236,45.6030553,-73.7109171,hospital,quebec,210,149,217,142,141,FALSE,FALSE,75,7,76
way/960598270,ÉTS,area,45.4944498,-73.5628636,45.4952205,-73.5628851,university,quebec,136,56,117,18,18,FALSE,TRUE,86,38,99